CompanyCode,CampaignCode,polmst,SClass,covcod,Vehgrp,GarageCd,makdes,moddes,cstFlag,MinCST,MaxCST,MinYear,MaxYear,MinSI,MaxSI,DriverName,uom1_v,uom2_v,uom5_v,Seats41,mv411,mv412,mv413,mv414,mv42,mv43,Dedod,DedPD,prem_net_pd,prm_stpnew,prm_vatnew,prm_gapnew
TMSTH,C69/00109-3+,805-00000001,110,3.2,3,,BYD,SEALION 6,C,0,2000,3,3,50000,50000,No,500000,20000000,1000000,7,100000,100000,0,0,100000,200000,0,0,5305.1,22,372.9,5700
TMSTH,C69/00109-3+,805-00000002,110,3.2,3,,BYD,SEALION 6,C,2001,9999,3,3,50000,50000,No,500000,20000000,1000000,7,100000,100000,0,0,100000,200000,0,0,5305.1,22,372.9,5700
TMSTH,C69/00109-3+,805-00000003,110,3.2,3,,BYD,SEALION 6,C,2001,9999,3,3,100000,100000,No,500000,20000000,1000000,7,100000,100000,0,0,100000,200000,0,0,5584.48,23,392.52,6000
TMSTH,C69/00109-3+,805-00000004,110,3.2,3,,BYD,SEALION 6,C,0,2000,3,3,100000,100000,No,500000,20000000,1000000,7,100000,100000,0,0,100000,200000,0,0,5584.48,23,392.52,6000
TMSTH,C69/00109-3+,805-00000005,110,3.2,3,,BYD,SEALION 6,C,2001,9999,3,3,150000,150000,No,500000,20000000,1000000,7,100000,100000,0,0,100000,200000,0,0,5863.85,24,412.15,6300
TMSTH,C69/00109-3+,805-00000006,110,3.2,3,,BYD,SEALION 6,C,0,2000,3,3,150000,150000,No,500000,20000000,1000000,7,100000,100000,0,0,100000,200000,0,0,5863.85,24,412.15,6300
TMSTH,C69/00109-3+,805-00000007,110,3.2,3,,BYD,SEALION 6,C,2001,9999,3,3,200000,200000,No,500000,20000000,1000000,7,100000,100000,0,0,100000,200000,0,0,6143.22,25,431.78,6600
TMSTH,C69/00109-3+,805-00000008,110,3.2,3,,BYD,SEALION 6,C,0,2000,3,3,200000,200000,No,500000,20000000,1000000,7,100000,100000,0,0,100000,200000,0,0,6143.22,25,431.78,6600
TMSTH,C69/00109-3+,805-00000009,110,3.2,3,,BYD,SEALION 6,C,2001,9999,3,3,250000,250000,No,500000,20000000,1000000,7,100000,100000,0,0,100000,200000,0,0,6422.6,26,451.4,6900
